time_s,I_prompt,Q_prompt
0,2803.78644711795,-2981.95706525901
0.001,2760.69958017492,-3064.17435902403
0.002,2414.84511671602,-3258.61642537764
0.003,2385.07243871066,-3311.24716429554
0.004,2211.88909322381,-3383.34066945497
0.005,2245.88138570478,-3350.63901621779
0.006,2036.74009259742,-3524.71300111477
0.007,2000.69664719204,-3523.26840544225
0.008,1880.04611796723,-3591.67925693131
0.009,1758.090033858,-3707.82965071045
0.01,1760.85826140544,-3727.55557511854
0.011,1675.19859179234,-3685.68087198956
0.012,1601.3904368438,-3692.38477962176
0.013,1496.1633237872,-3746.05689651466
0.014,1323.01404193459,-3828.79978919943
0.015,1111.64260041536,-3797.90947441532
0.016,1163.62524381098,-3771.71746716195
0.017,915.578508389206,-3792.68080099575
0.018,916.667301957848,-3695.23553900975
0.019,862.085368668888,-3706.38836370261
0.02,634.790137669394,-3701.5984573661
0.021,630.08407599005,-3714.60385667394
0.022,317.5373255709,-3625.16816608986
0.023,329.917012944075,-3593.83388491157
0.024,162.069634245391,-3532.2467701289
0.025,194.32307484514,-3482.32072287393
0.026,-29.8364970741022,-3480.03057674725
0.027,-41.7627278116441,-3421.23629703183
0.028,-106.763580007164,-3364.71011620754
0.029,-186.782039827257,-3382.50241289847
0.03,-130.020511103888,-3359.89939825171
0.031,-82.0807684559359,-3247.70665197414
0.032,-85.2196497423334,-3206.43946876933
0.033,-91.129692121827,-3193.36042660561
0.034,-166.789586852228,-3143.19055044136
0.035,-217.639243348035,-3022.94409687867
0.036,-118.5782868654,-2988.92652579376
0.037,-244.328455848657,-2932.26363098652
0.038,-184.246948623694,-2894.94957346198
0.039,-204.865049159692,-2907.45885511846
0.04,-327.773405995585,-2866.71580732846
0.041,-237.4132423193,-2927.29672115804
0.042,-361.19060510905,-2894.61363539441
0.043,-291.46232048782,-2920.97395437598
0.044,-314.510388523586,-2887.62353945072
0.045,-159.583781420632,-2867.7939798254
0.046,-208.375721340204,-2843.67954264367
0.047,-106.479619158452,-2794.29117112067
0.048,-55.3767619505249,-2757.36503362076
0.049,-13.322529959907,-2776.12587925512
0.05,128.96323588439,-2822.30805805762
0.051,237.977424441999,-2773.1027575208
0.052,323.585762680989,-2711.50946646412
0.053,364.555205088971,-2682.99189938221
0.054,329.766025555755,-2677.34133344315
0.055,258.449382860155,-2616.66993834324
0.056,366.477967273263,-2626.68044404864
0.057,262.39905209894,-2634.37748107389
0.058,317.693386736894,-2565.55820772186
0.059,271.191486501183,-2555.83117630386
0.06,148.185995124633,-2488.6108688271
0.061,228.324075363216,-2469.74221866465
0.062,113.877532257374,-2448.80077630137
0.063,166.770170105818,-2464.56867981559
0.064,148.036227856901,-2423.9409205006
0.065,259.570782352102,-2396.15637377307
0.066,170.451659498505,-2422.80043600861
0.067,207.168241741354,-2438.11097593921
0.068,144.129402293621,-2487.60040609351
0.069,90.358830403174,-2556.31587369246
0.07,140.45600182651,-2593.77755306715
0.071,171.983721042186,-2549.34360475342
0.072,220.255225948309,-2528.02816256259
0.073,198.461653155117,-2549.71584539542
0.074,130.774413209846,-2549.07240242108
0.075,120.126227736416,-2486.65468501004
0.076,222.943294829799,-2441.17021304415
0.077,147.681232250074,-2421.26321621854
0.078,230.931380429458,-2332.35202232591
0.079,241.238164152187,-2305.16368546491
0.08,147.677836362074,-2273.70126965644
0.081,226.628135893279,-2238.56678382341
0.082,151.70914950772,-2196.2953722261
0.083,254.748753715867,-2182.38472322792
0.084,233.481820548282,-2163.34981681832
0.085,345.470981695569,-2145.39659757543
0.086,283.837631903936,-2169.56012752514
0.087,337.721941337085,-2141.31835196601
0.088,343.063306432184,-2135.26140794424
0.089,374.545205971361,-2164.37940134397
0.09,479.279090382882,-2141.48119232401
0.091,567.339208908724,-2089.65621510896
0.092,623.055847599126,-2075.03188728187
0.093,670.759475192803,-2079.32943892913
0.094,685.027427641561,-2109.01506585554
0.095,656.638140425633,-2098.44539294394
0.096,705.091738643034,-2125.02712517342
0.097,599.552921521524,-2237.63904586814
0.098,642.571431735469,-2281.12548159248
0.099,623.641380327016,-2383.68251890121
0.1,494.22362107297,-2475.95333638169
0.101,558.456513077746,-2600.18123335484
0.102,400.287237887343,-2663.77324312389
0.103,440.875650810288,-2762.84884033005
0.104,351.854009623022,-2801.88170066722
0.105,433.108857440807,-2813.44429330365
0.106,322.448188083105,-2867.99834873564
0.107,366.031910128928,-2878.98646734265
0.108,345.088305793596,-2897.21724774508
0.109,278.796853048843,-2971.60310730258
0.11,323.687823105305,-3049.47246990226
0.111,374.23593856734,-3045.55922653104
0.112,396.164690729998,-3042.26707644903
0.113,370.15222890395,-3094.41012703267
0.114,300.131095578662,-3207.22955055918
0.115,209.843086020386,-3251.14118571106
0.116,306.276134816696,-3327.080360814
0.117,148.998225206395,-3406.03066256294
0.118,211.492264021056,-3432.82217926862
0.119,186.472281328301,-3537.70190518273
0.12,24.7521285571024,-3593.42331660023
0.121,103.933785717912,-3708.11470323651
0.122,-132.569221064715,-3699.48167793677
0.123,-57.7790501012459,-3773.16469117958
0.124,-146.025336520002,-3746.20946174242
0.125,-28.0337052564046,-3738.4583089895
0.126,-234.043498033935,-3767.54103039867
0.127,-210.177902536176,-3761.16184876128
0.128,-246.338282318249,-3756.76701522079
0.129,-321.209901531422,-3802.40284259063
0.13,-260.381150847242,-3844.50092941583
0.131,-201.355815438499,-3786.97059957698
0.132,-160.359718980532,-3760.22959446513
0.133,-153.341194664595,-3760.62785518842
0.134,-217.667555599414,-3777.80134435273
0.135,-249.454809827208,-3703.81309140267
0.136,-86.6467293409009,-3739.49338067663
0.137,-209.727427045965,-3771.57586808625
0.138,-81.8214286675723,-3780.49026747179
0.139,-77.6406028441014,-3847.39947739871
0.14,-226.45540445347,-3815.89018181177
0.141,-151.584878952005,-3878.68052398824
0.142,-383.314765032077,-3801.85632384241
0.143,-333.670951698753,-3858.60058526918
0.144,-414.405785270258,-3863.14562097762
0.145,-297.84565604049,-3893.53411348035
0.146,-510.370138049127,-3942.28754409247
0.147,-475.532281867488,-3949.98721105277
0.148,-524.196913341083,-3969.62056411387
0.149,-590.996508490545,-4043.70834555889
0.15,-470.380388874903,-4093.66375242498
0.151,-373.842477857753,-4031.57476947592
0.152,-322.038553339387,-3978.39179606292
0.153,-321.485644590311,-3934.50775866954
0.154,-375.208879566465,-3904.37624022101
0.155,-400.658639794909,-3809.02923651588
0.156,-241.874309066444,-3836.64483066005
0.157,-387.938738906101,-3841.06187514897
0.158,-260.268676670193,-3864.21745715848
0.159,-266.11544624418,-3922.98205536545
0.16,-432.389347291726,-3871.7271539044
0.161,-318.789984244629,-3949.79504004114
0.162,-493.527942758783,-3908.8637296581
0.163,-353.464312715164,-3981.93198058733
0.164,-387.089315993711,-3982.24518788025
0.165,-196.714786909886,-4004.42242433499
0.166,-341.619841338913,-4022.08177521144
0.167,-263.887904126588,-4028.45664922787
0.168,-307.208086924144,-4033.9810971601
0.169,-404.57484254173,-4083.18373166342
0.17,-322.804751634994,-4123.91052521069
0.171,-273.106523031728,-4055.51313904164
0.172,-250.523593375329,-4021.2783455675
0.173,-276.805010603316,-4027.10662716288
0.174,-372.253254803534,-4042.47314288932
0.175,-440.599526813394,-3990.47517346329
0.176,-320.113443037661,-4036.74990750165
0.177,-488.530419560141,-4050.51204019646
0.178,-364.476848878974,-4046.71165513581
0.179,-400.448045174608,-4108.82728743544
0.18,-568.80546209858,-4077.36127616462
0.181,-459.551951447468,-4150.76977320958
0.182,-625.250669022891,-4035.38039963776
0.183,-537.059790817071,-4060.47091087468
0.184,-585.23395897427,-3973.27709481233
0.185,-423.838042220945,-3966.54770625927
0.186,-551.736595892451,-3957.10747308998
0.187,-437.215605055721,-3929.82587494954
0.188,-443.242259643346,-3936.20704411115
0.189,-533.865171407548,-4060.57283273651
0.19,-505.716056674196,-4183.68517764426
0.191,-464.189803835296,-4178.94583926337
0.192,-462.806230210564,-4180.94289589969
0.193,-507.385821599195,-4231.51937350649
0.194,-624.936076542243,-4315.08485728244
0.195,-722.076142870347,-4290.2425025594
0.196,-626.020239547693,-4363.28294110652
0.197,-833.976565451878,-4385.40708838012
0.198,-680.970644508759,-4395.93981651442
0.199,-686.842813155985,-4485.61405565487
0.2,-838.438233450898,-4471.69887095779
0.201,-666.609147075236,-4579.50539082944
0.202,-800.932955654589,-4493.19560115506
0.203,-591.32162482298,-4561.90871901111
0.204,-561.071480606461,-4496.08422729445
0.205,-282.36752954649,-4453.20841963976
0.206,-381.806098253946,-4444.31559870563
0.207,-196.068303762664,-4411.23441143171
0.208,-153.902347580359,-4380.08035788834
0.209,-217.208691876825,-4395.61870162821
0.21,-103.909826645507,-4430.48409207082
0.211,13.2106220961101,-4364.02683291682
0.212,107.420701863868,-4322.14271156074
0.213,127.167960170007,-4306.55047393312
0.214,67.3640557406671,-4285.94215586686
0.215,3.13444650833419,-4168.55643189025
0.216,148.6919858983,-4152.27740328368
0.217,54.6659563695138,-4141.04457700878
0.218,267.890133778443,-4041.59020305389
0.219,325.445837124923,-4018.19796280024
0.22,182.550306819876,-3957.60032969153
0.221,288.893725846431,-3960.20262203591
0.222,70.0346160052197,-3900.40672234653
0.223,161.428725779482,-3889.6491890477
0.224,75.5418477680921,-3826.32087906691
0.225,217.790894382007,-3814.73128159822
0.226,57.5859050348675,-3840.02946510084
0.227,136.983174484331,-3809.15957248484
0.228,132.489645519212,-3781.34840223232
0.229,112.362956110579,-3818.73901395235
0.23,235.627673144351,-3859.86632099792
0.231,315.409716269834,-3779.23234865435
0.232,367.695650251606,-3752.8700011013
0.233,388.018710854885,-3788.08591298913
0.234,331.24490228711,-3828.83666242927
0.235,263.344194756232,-3775.54750499551
0.236,387.318687157211,-3778.14628736861
0.237,246.304994887632,-3770.7707804405
0.238,350.78231510211,-3719.86188385889
0.239,363.846774332604,-3781.61595430177
0.24,248.007458456396,-3781.5536536096
0.241,392.725454009422,-3838.34074355907
0.242,191.972029518744,-3797.60385974641
0.243,298.711750960376,-3812.64585532433
0.244,232.584202851854,-3821.2344764281
0.245,410.460979787817,-3807.8446476933
0.246,297.107850006639,-3853.49296703299
0.247,390.526213191329,-3846.89814422006
0.248,395.249456686705,-3873.60732958192
0.249,327.126381264698,-3935.14337507398
0.25,441.449847590067,-4000.85865686277
0.251,496.548174123017,-3980.74036768377
0.252,523.433457047747,-3996.32368396198
0.253,540.480818639737,-4059.90288292151
0.254,523.630817865993,-4133.54439102608
0.255,513.201916769273,-4113.24029951945
0.256,690.576904007206,-4121.98286708013
0.257,527.274102392296,-4161.59529914675
0.258,606.887144256352,-4114.34297243792
0.259,539.235931162253,-4198.56550972523
0.26,290.655758146374,-4249.34121407122
0.261,378.083270473101,-4357.18103273368
0.262,137.273156257658,-4383.96448370549
0.263,233.902983179134,-4501.97060772392
0.264,170.438467897605,-4561.38483855996
0.265,349.625255069183,-4605.34816415293
0.266,126.750806782517,-4696.45262032886
0.267,180.223565458493,-4693.53262992076
0.268,127.873390691984,-4746.43911406604
0.269,14.5702927299406,-4863.04880431733
0.27,57.5284120113696,-4926.88813228684
0.271,95.9822111233316,-4867.58470634069
0.272,122.923106033458,-4861.35222658651
0.273,82.2296771098514,-4888.16176927093
0.274,-66.0717254518859,-4918.45130615308
0.275,-171.484304018446,-4872.25900514779
0.276,-15.8322391937956,-4936.78436257462
0.277,-208.120099719713,-4966.53664975686
0.278,-55.8581530265196,-4968.80186129113
0.279,-75.8198538796377,-5061.4770655822
0.28,-264.499947910953,-5036.90326521215
0.281,-162.978844292116,-5130.62604489755
0.282,-451.30754806071,-5077.85316024029
0.283,-338.406427083583,-5181.17073718223
0.284,-436.42273833855,-5185.62124772271
0.285,-267.921927678868,-5231.66806985914
0.286,-501.994224919726,-5264.79981817308
0.287,-433.670212443144,-5279.58317320889
0.288,-470.70420044022,-5321.8709284141
0.289,-553.308742061129,-5423.29062271732
0.29,-410.837764351359,-5508.42435297119
0.291,-310.512789654721,-5460.28650192441
0.292,-280.201654545533,-5458.20184877222
0.293,-295.564964578912,-5467.50457664634
0.294,-381.684831445676,-5485.63366397731
0.295,-444.575905716709,-5423.70761024768
0.296,-233.06840884017,-5505.55617069699
0.297,-431.377610974467,-5526.6661578467
0.298,-244.318733741976,-5526.9836095867
0.299,-239.870369324125,-5599.61372628697
0.3,-451.075217778131,-5580.62635789982
0.301,-325.389271024484,-5671.03841356589
0.302,-609.579220689291,-5604.42449933159
0.303,-454.768501348279,-5700.97939243214
0.304,-518.121759285771,-5722.15777342479
0.305,-291.343003777124,-5782.96232124701
0.306,-524.83901785438,-5847.01288219968
0.307,-409.390622863174,-5849.65994558463
0.308,-413.623045224501,-5856.52610616763
0.309,-447.485925453184,-5952.76649365911
0.31,-252.951177729591,-6040.34229724547
0.311,-110.8125232085,-5988.82905785867
0.312,-1.41962728841457,-5967.86878498222
0.313,51.7290829500714,-5986.28107883741
0.314,-9.0695750876657,-5995.40422108481
0.315,-79.7377481894121,-5950.12489563025
0.316,161.909492395982,-6007.87046192316
0.317,-25.3135102540373,-6054.53144541671
0.318,195.781521485894,-6022.21037662447
0.319,239.01099113886,-6113.55139442435
0.32,55.2983568890945,-6096.67446808996
0.321,310.465867185404,-6181.29284984492
0.322,52.5191751602159,-6155.7852062648
0.323,233.003348875746,-6244.04664327297
0.324,163.871599350853,-6251.56086062735
0.325,453.169220537146,-6237.8227206155
0.326,212.864962815705,-6273.762288206
0.327,308.15911737953,-6221.60393713263
0.328,249.734435202137,-6220.64054820823
0.329,149.603661983665,-6335.95501862729
0.33,315.215505684303,-6420.52286776445
0.331,472.689486814061,-6358.17336274929
0.332,570.126233975544,-6327.52119507074
0.333,588.208087174135,-6333.69472815641
0.334,503.140094478389,-6375.81966164926
0.335,392.816332570182,-6305.01727773907
0.336,597.324090491306,-6364.66693340849
0.337,330.337678385925,-6442.62020553491
0.338,512.007800461356,-6408.68268950279
0.339,483.409171445814,-6520.15349330813
0.34,173.120975495344,-6524.46250104941
0.341,309.695622594245,-6618.60297119471
0.342,-60.6684863745898,-6582.70225015284
0.343,85.7873208185677,-6682.22057044066
0.344,-63.3769929842448,-6669.35196018981
0.345,180.133854745231,-6665.81259163077
0.346,-111.631454712096,-6715.73695846093
0.347,-24.4660800413924,-6670.27952959559
0.348,-125.751765666713,-6660.11788126982
0.349,-263.451785732897,-6782.61424182185
0.35,-116.46405157523,-6892.17036508943
0.351,-14.2931909114878,-6831.43534480537
0.352,46.5956381864264,-6819.85216134401
0.353,72.7409275595618,-6864.87050175836
0.354,-20.598219112674,-6900.61203959839
0.355,-134.169694103698,-6797.16107896676
0.356,77.741906764398,-6845.45696049134
0.357,-196.582484192335,-6884.6402716868
0.358,-11.41149334758,-6833.10768615905
0.359,-67.0209169997402,-6932.73103673517
0.36,-374.072651580682,-6928.01901500417
0.361,-193.425253898317,-7072.13529441175
0.362,-530.806592057263,-6969.75291771493
0.363,-313.272320609706,-7041.48175353654
0.364,-386.706211341333,-6994.86798372654
0.365,-55.4453674252535,-6984.41468817676
0.366,-276.376379708353,-7005.23786118693
0.367,-109.96305321954,-6944.54959006307
0.368,-145.239005476252,-6935.01284377359
0.369,-244.912963952612,-7035.44265704538
0.37,-49.7455529147042,-7143.20329835983
0.371,113.386516228154,-7049.25850785925
0.372,242.843509320388,-6976.42257547604
0.373,283.178834255739,-6951.13382507975
0.374,167.865433063196,-6942.99972190585
0.375,63.3348457734193,-6828.49317031018
0.376,324.609125874472,-6873.33343347332
0.377,119.784078105837,-6896.92563002866
0.378,398.154374419911,-6830.93819317867
0.379,406.06533439024,-6913.9237332689
0.38,115.009499218757,-6910.08690909667
0.381,296.190588778001,-7055.62179991273
0.382,-85.6027846250559,-6975.41727051065
0.383,60.3718794586205,-7060.43959494848
0.384,-106.073274123243,-7013.46203312088
0.385,197.72450786956,-7011.52381952938
0.386,-16.9596778361108,-7104.12592008588
0.387,168.570309032212,-7070.64026234469
0.388,136.454897111764,-7080.71116923494
0.389,7.55975559610211,-7209.36663367409
0.39,170.054972536156,-7317.22439699377
0.391,305.460491332311,-7208.28777686789
0.392,396.741001392782,-7146.40793987775
0.393,429.640863127329,-7124.03620421354
0.394,347.17617558069,-7121.86888426678
0.395,302.236676926809,-7018.3494428148
0.396,616.849905499376,-7057.59679785993
0.397,405.310021388955,-7076.44147582385
0.398,644.426941710849,-6983.71155773954
0.399,594.110492638759,-7041.19998907106
0.4,261.951613975571,-6993.74924903936
0.401,390.662140736084,-7042.76093967629
0.402,-63.5470825305117,-6878.64212485478
0.403,68.4134713503326,-6886.40804144052
0.404,-70.8897822418366,-6803.99366738886
0.405,228.478823232146,-6758.16817732757
0.406,24.616242600546,-6806.11443824622
0.407,191.798385751097,-6730.83806483513
0.408,159.504964433488,-6710.00692210044
0.409,38.2413333046529,-6789.44531044113
0.41,173.936576933112,-6859.17411989921
0.411,253.81083185201,-6749.1380676968
0.412,307.239113500756,-6692.88178950118
0.413,266.55336265528,-6681.95284082622
0.414,104.556128502581,-6683.07382459821
0.415,-49.4840921053814,-6557.56281691808
0.416,150.605127602037,-6583.45881815263
0.417,-146.667210301348,-6585.53205478999
0.418,-6.66178685082285,-6530.29695222434
0.419,-100.057796143201,-6571.01102645095
0.42,-439.74177650802,-6483.88116330599
0.421,-337.808886385552,-6563.93173334165
0.422,-725.848415469813,-6462.48651337803
0.423,-590.13220702453,-6561.00139344255
0.424,-738.203273168239,-6574.97737797981
0.425,-479.262564650308,-6648.86958242626
0.426,-747.148402809891,-6700.37944058304
0.427,-632.689258236279,-6702.2949614155
0.428,-678.712229912034,-6711.13152895107
0.429,-808.376124252581,-6850.30388605252
0.43,-654.636681191691,-7005.10144007804
0.431,-504.815782417793,-6974.05611248154
0.432,-424.749495274216,-6970.18598916714
0.433,-407.532546496781,-7016.97728569642
0.434,-500.198664540721,-7036.41810042166
0.435,-531.98439388247,-6905.57034796736
0.436,-214.153992527655,-6968.33585102598
0.437,-402.533112152176,-7013.98285486601
0.438,-102.761035630076,-6968.83260199905
0.439,-57.2836143298045,-7024.93048758894
0.44,-304.637223206373,-6952.91234925407
0.441,-106.084186586649,-7056.47419500951
0.442,-450.284158688543,-6975.72439601702
0.443,-252.408205978486,-7067.94972760078
0.444,-323.693398727606,-7059.70155962698
0.445,54.507173184307,-7053.76226003187
0.446,-128.348934736034,-7093.1236248377
0.447,89.2273359945683,-7027.71505366782
0.448,82.268939947022,-7016.16531113794
0.449,-2.93847126769598,-7130.96437935541
0.45,220.170530813392,-7189.95434581815
0.451,415.202020299032,-7066.91651447854
0.452,579.248643324244,-7029.9589795117
0.453,671.548744308066,-7094.53452008618
0.454,568.697226094171,-7162.71567889681
0.455,493.598936124974,-7076.40749982482
0.456,832.840028166429,-7097.26191068268
0.457,613.871209458491,-7135.66750810704
0.458,835.283660071874,-7016.98430404943
0.459,829.065459072821,-7070.00266522381
0.46,550.991859392785,-7017.16235757645
0.461,754.760141069797,-7085.28212152403
0.462,379.647478529397,-7024.45687950253
0.463,558.252041068664,-7051.22185504588
0.464,449.066983565869,-6996.19389427928
0.465,742.963204819479,-6908.29277019112
0.466,487.828684913925,-6936.73134154289
0.467,614.446433147105,-6874.48428175587
0.468,539.571804911969,-6833.91728510355
0.469,411.596809262386,-6902.82280328333
0.47,587.480716481367,-6955.42073240616
0.471,691.97791864523,-6858.74565221846
0.472,760.774612423358,-6781.472279128
0.473,758.436952256286,-6775.81177895131
0.474,607.499640766883,-6832.43152159474
0.475,452.83920941279,-6765.23195002346
0.476,661.837953135952,-6840.39388887899
0.477,376.506298127807,-6898.56308006288
0.478,532.594064704173,-6828.43418724446
0.479,465.09459805667,-6902.58635449874
0.48,128.847157033843,-6870.64823165371
0.481,244.006142310627,-6957.20804252961
0.482,-187.417647804112,-6874.61366111671
0.483,-70.9969886684278,-6918.18008552062
0.484,-225.283751874408,-6857.95199171483
0.485,49.033292125307,-6834.62388564969
0.486,-210.402463987974,-6866.48621718257
0.487,-105.979539384476,-6817.8781661229
0.488,-218.90496306787,-6790.66587099805
0.489,-372.184181517907,-6896.81088932043
0.49,-255.965080576933,-6986.01538426585
0.491,-179.325041691104,-6923.08760955778
0.492,-146.060404026213,-6891.08975642144
0.493,-187.730197827337,-6901.69490342252
0.494,-326.567805637935,-6909.37119502112
0.495,-434.319152640367,-6749.65981625449
0.496,-152.761565967139,-6773.81072584055
0.497,-382.241446647477,-6781.07066991617
0.498,-131.748704821954,-6707.40367958859
0.499,-123.035269672526,-6734.72996730217
0.5,-364.266168027074,-6601.67827864855
0.501,-200.643583290307,-6637.82027499492
0.502,-519.13555731509,-6500.48487287854
0.503,-328.881868530641,-6533.85517086065
0.504,-402.008390956002,-6470.99202355966
0.505,-94.6453564614813,-6460.5883079611
0.506,-284.812115955395,-6488.33119980876
0.507,-109.399176567237,-6427.02149946596
0.508,-83.1243448982306,-6383.2137946358
0.509,-130.188412358655,-6457.29398987112
0.51,69.7366056372686,-6547.55565315924
0.511,210.360468382998,-6448.43403393399
0.512,328.075832692946,-6376.76941528646
0.513,370.309660597853,-6391.16493684461
0.514,283.062031267348,-6441.36480793188
0.515,172.316956857094,-6355.43922263091
0.516,396.372944648644,-6414.24821865247
0.517,168.399297834752,-6479.69126290338
0.518,389.793055148487,-6398.19931084483
0.519,400.034648407945,-6459.42554439557
0.52,118.49476072925,-6412.67088680478
0.521,280.23163460662,-6459.38978517633
0.522,-63.5448076636858,-6341.87297619376
0.523,108.096033200529,-6349.25897046199
0.524,27.3126112144546,-6289.1860995655
0.525,307.115492315999,-6248.72710506982
0.526,62.1160632799507,-6288.77505651542
0.527,179.724962395866,-6235.99598931358
0.528,157.130613196848,-6229.69799912387
0.529,96.0266812021705,-6345.14387955296
0.53,267.721509045506,-6433.23558874437
0.531,388.647092570226,-6338.14859397813
0.532,471.172338804833,-6289.23771069054
0.533,486.324136003684,-6291.48405500338
0.534,413.432839975996,-6307.53198625201
0.535,308.457653669181,-6211.29738319951
0.536,520.499983989931,-6189.47616842875
0.537,333.319386407149,-6136.76859133238
0.538,551.061660899588,-6001.57084552549
0.539,538.228478579986,-6003.08396897798
0.54,277.370868381734,-5907.54952186109
0.541,391.338594935195,-5916.44904004816
0.542,39.9906704160209,-5818.03041637008
0.543,171.019556188124,-5822.99180726254
0.544,51.2887191073385,-5754.44627714021
0.545,251.298989592381,-5685.76360788224
0.546,13.8505140559729,-5699.52225908721
0.547,52.0530794542658,-5630.46307905018
0.548,-26.3619766875689,-5599.75658894849
0.549,-153.744376952054,-5668.60779471442
0.55,-30.4648545959073,-5732.41782879535
0.551,22.8209301164859,-5641.47847291734
0.552,40.0717054574752,-5603.68551397409
0.553,34.2952932357862,-5566.0731405336
0.554,-75.4022514180379,-5539.69632341461
0.555,-169.858274263105,-5385.58267992621
0.556,-0.0113891345180628,-5345.41831037826
0.557,-215.167244280042,-5322.09376598542
0.558,-55.2779520331624,-5217.65791301958
0.559,-65.1542566943947,-5197.03061227765
0.56,-278.928654965229,-5104.18871123615
0.561,-157.578977899339,-5110.62084943443
0.562,-403.940584110008,-4935.66217392793
0.563,-279.808165832308,-4932.12980473862
0.564,-354.094357634092,-4824.5552383084
0.565,-145.359557228013,-4749.47749455447
0.566,-309.808758452426,-4703.67691171075
0.567,-226.760803593602,-4573.08939578406
0.568,-272.632446213244,-4449.09957502244
0.569,-364.251715871868,-4416.5284500077
0.57,-241.312080830628,-4416.38480325444
0.571,-169.874869931851,-4295.05815103401
0.572,-128.174706909304,-4226.53812759164
0.573,-134.311061985655,-4180.83583353333
0.574,-213.544144028182,-4103.42977699897
0.575,-257.545013283153,-3948.8855852775
0.576,-115.910735537728,-3930.78655167451
0.577,-213.638439348606,-3887.31703874614
0.578,-31.318578105132,-3836.31602022299
0.579,-29.4513490667847,-3858.74211619205
0.58,-200.024355877295,-3808.3973148459
0.581,-115.903792059115,-3847.99851255315
0.582,-338.341286766868,-3749.54011139231
0.583,-251.533352581462,-3746.6310141887
0.584,-304.701194435136,-3678.7689420495
0.585,-147.182620515083,-3618.51679215475
0.586,-284.654474835748,-3553.62927114811
0.587,-223.036181046077,-3457.65710889288
0.588,-243.712500430432,-3394.50626754859
0.589,-301.254302323373,-3388.69337586715
0.59,-211.43090546948,-3396.25167772729
0.591,-143.176340919608,-3303.20148170512
0.592,-123.583650330519,-3232.126936685
0.593,-161.058795056548,-3228.51275689897
0.594,-288.116031271936,-3217.54792541557
0.595,-390.709754228016,-3145.33638108804
0.596,-265.303013689009,-3165.54956009869
0.597,-360.283809843561,-3132.2792865406
0.598,-241.840036304281,-3080.26230290658
0.599,-295.783954276812,-3118.38949246253
0.6,-464.855908322564,-3062.63562467781
0.601,-396.33897761015,-3090.63778399735
0.602,-547.137978647516,-3011.43313027659
0.603,-441.56000959467,-3052.8576022291
0.604,-480.252718426521,-3002.55410673345
0.605,-329.943680550309,-2989.65551796826
0.606,-442.973522153052,-2974.95095859727
0.607,-418.602879951982,-2969.02947381705
0.608,-464.658467247777,-2966.45335719919
0.609,-520.922765001875,-3000.06328972819
0.61,-441.903712106953,-3030.96212423109
0.611,-394.235234761537,-2947.35921536185
0.612,-351.88070613626,-2903.50904289838
0.613,-336.617393612161,-2929.78221470936
0.614,-365.230303089826,-2960.53607600359
0.615,-404.738952394491,-2943.09169584871
0.616,-288.829514480755,-2974.11568112481
0.617,-364.054510059103,-2991.57251997789
0.618,-233.585012600042,-2993.66226241433
0.619,-239.559292050685,-3049.3149104872
0.62,-366.917307728524,-3052.95707169924
0.621,-266.461311693551,-3115.73421286841
0.622,-409.650431827934,-3077.3633249085
0.623,-318.85975429377,-3122.71173451342
0.624,-356.23087024754,-3096.30772730867
0.625,-216.730205118658,-3111.98940440917
0.626,-301.044292527554,-3155.48722575576
0.627,-221.672617553157,-3196.53344113286
0.628,-227.786122355571,-3228.07559095845
0.629,-234.789605090465,-3317.54309648363
0.63,-87.6072287698148,-3410.68396335953
0.631,36.5553537745067,-3401.84356809564
0.632,175.086613996343,-3394.71262106809
0.633,301.179973178528,-3429.83896617371
0.634,343.158700716592,-3475.76487709716
0.635,364.56669671389,-3456.67309244005
0.636,536.813497243651,-3458.6393743849
0.637,438.711244402571,-3492.05118967873
0.638,581.216643118304,-3442.79667045299
0.639,580.739761999875,-3500.6517113976
0.64,413.718989789116,-3502.1922086729
0.641,452.843806400626,-3528.31409519727
0.642,251.04557072978,-3504.5730905525
0.643,325.039639060084,-3490.1464031203
0.644,262.121800053001,-3436.82907091385
0.645,406.44291654419,-3386.44072220477
0.646,275.881607967494,-3372.44962749855
0.647,337.903680232998,-3290.50231314122
0.648,328.634252460857,-3255.63761822055
0.649,304.221363213797,-3285.33317898437
0.65,399.192904808137,-3305.57016874741
0.651,455.39005189165,-3249.67858873884
0.652,493.940489229769,-3199.36909100207
0.653,504.259235163705,-3155.71200723657
0.654,444.498283180075,-3122.35095182942
0.655,414.75647816691,-3039.04534793796
0.656,557.949395831952,-3023.54127658939
0.657,465.425916185433,-3044.29787669926
0.658,566.795623242992,-3003.25714270842
0.659,583.23710664541,-3020.07385326308
0.66,448.832029997111,-2997.93939789335
0.661,532.669101911446,-3007.16348939933
0.662,348.468409720114,-3006.92500684021
0.663,388.070787197194,-3036.96332336785
0.664,281.95674858159,-3026.32087894275
0.665,393.167675608796,-3005.97421212001
0.666,245.978480142968,-3049.19453806885
0.667,225.643227228292,-3055.96978176704
0.668,138.985674646481,-3099.50344137275
0.669,45.401663558929,-3136.6567709177
0.67,93.628443698168,-3149.14612373527
0.671,117.671862652473,-3092.35922622111
0.672,112.912853269894,-3099.26389366742
0.673,83.9630293176703,-3128.56164105587
0.674,28.2385760376663,-3152.03960519872
0.675,-35.030893993816,-3128.08379623811
0.676,44.7658673440104,-3174.32148554223
0.677,-92.5918809770872,-3189.67742242572
0.678,-2.68630800158168,-3146.69933851058
0.679,-19.2479507453931,-3160.31712286169
0.68,-142.53305560245,-3108.75263364119
0.681,-116.982136358148,-3119.0129827447
0.682,-304.72569693898,-3053.7669411962
0.683,-195.073427899909,-3056.98372761375
0.684,-195.9191022456,-3026.04836016182
0.685,-28.6048955271493,-3038.8075968509
0.686,-127.388914708509,-3074.24326022017
0.687,-73.8126152910501,-3079.75643867581
0.688,-114.958105769448,-3083.4885173232
0.689,-152.308109372966,-3139.80534700959
0.69,-51.8702394813418,-3171.96312498257
0.691,66.9471105368736,-3116.69386402956
0.692,171.628308136901,-3067.28937299268
0.693,235.348049057031,-3028.66796778813
0.694,217.39327133829,-3014.00501818941
0.695,166.183527303032,-2952.5613081071
0.696,291.759802217451,-2925.00574007445
0.697,213.17657113648,-2876.81797487803
0.698,298.291285160894,-2798.40097893679
0.699,281.789024677312,-2810.64329469474
0.7,-164.855889632127,2789.09748085876
0.701,-175.066935127565,2750.0433272941
0.702,-11.2469257552043,2788.96491112307
0.703,-69.4933845116829,2769.246424639
0.704,-45.0554995779018,2816.64669463086
0.705,54.1782559747109,2851.59258583468
0.706,190.353278285671,2839.07614843011
0.707,139.041793635467,2879.13217052531
0.708,122.384345760841,2968.95114054528
0.709,160.65078761748,2996.97042465482
0.71,214.801157238019,3023.54396356521
0.711,322.335255770826,3115.3792491671
0.712,124.041995232003,3193.4323851474
0.713,236.609272871556,3208.31771604327
0.714,127.816477531324,3229.57713137759
0.715,252.571214644833,3292.18919734405
0.716,168.915728260457,3270.37553260663
0.717,253.144229943294,3216.18863542225
0.718,79.7984667836784,3234.155108458
0.719,282.24086126551,3143.01030320714
0.72,-317.87527186503,-3104.25446735876
0.721,-264.066982738721,-3143.39802061212
0.722,-434.505157323295,-3081.29530191766
0.723,-356.540363796423,-3096.52398208016
0.724,-402.066637801472,-3060.52461059764
0.725,-276.470566871695,-3052.49573857282
0.726,-392.866640200862,-3056.649304765
0.727,-294.539433289606,-3032.74827662912
0.728,-314.392107210101,-3035.23763096858
0.729,-352.77031331349,-3077.35229957035
0.73,-300.121653549034,-3114.34277745073
0.731,-226.162111103599,-3087.79265133648
0.732,-171.37818880609,-3079.58633571103
0.733,-132.814462265956,-3089.96160331452
0.734,-157.253123107535,-3093.28179769509
0.735,-185.472885386314,-3049.78130385402
0.736,-34.9330997707714,-3091.61631053107
0.737,-124.129778267182,-3084.31610656379
0.738,-5.28395192604156,-3047.26565500451
0.739,7.43910689480555,-3107.67571784432
0.74,56.9379101772966,3120.38121962608
0.741,-45.3935550814537,3081.08135844501
0.742,55.1358391938259,3117.47649026948
0.743,-43.2389127974563,3081.06389682927
0.744,-114.638396710922,3090.78642651808
0.745,-106.8722576346,3097.532132127
0.746,-23.3193626971762,3144.48646657399
0.747,-94.6648909233007,3187.02523763415
0.748,-133.852592812785,3238.15795360815
0.749,-113.909600738225,3253.01984479645
0.75,-70.2466390174611,3263.61881745503
0.751,64.9392768128395,3353.29205849308
0.752,-143.632155419996,3427.4169388014
0.753,-41.7494653937517,3438.77203780786
0.754,-162.289585610295,3436.29366881781
0.755,-79.923729837796,3546.5829505764
0.756,-232.50891477773,3552.84776575812
0.757,-190.148424946041,3541.98333319797
0.758,-401.629870466562,3558.0728605356
0.759,-186.989868501213,3565.31831595111
0.76,-185.795413014309,3608.21271434514
0.761,-275.938574770872,3586.54303211414
0.762,-189.031888234618,3675.19766849089
0.763,-315.515106197425,3644.81860755328
0.764,-346.510649988933,3693.24236223554
0.765,-302.016306993528,3699.05640506862
0.766,-155.480721926539,3677.68651477468
0.767,-229.004702650777,3681.98167973204
0.768,-314.902699616411,3696.49040885701
0.769,-335.832455552475,3698.55825585758
0.77,-328.452135628448,3708.53222321118
0.771,-204.294609982051,3797.57806670008
0.772,-465.174686262302,3823.58218768637
0.773,-342.932137589623,3838.59627479186
0.774,-441.767819341825,3822.27921160142
0.775,-296.860991480798,3900.91245826598
0.776,-402.329604402662,3867.32345063856
0.777,-309.779951207535,3866.31284170607
0.778,-503.30268868713,3919.36380391678
0.779,-240.437791737584,3899.88185693596
0.78,221.026121010928,-3927.74356448639
0.781,313.343577145555,-3980.47671540511
0.782,93.0638361762221,-3953.49362543081
0.783,193.947374541772,-3992.79145076024
0.784,140.539280509252,-3995.13945871954
0.785,329.849474830272,-4035.25562302488
0.786,189.875353284081,-4138.32617574879
0.787,265.95755211906,-4168.98362965823
0.788,220.767985273424,-4194.61871528058
0.789,152.270681508572,-4290.35110092585
0.79,240.290597044938,-4391.01559631305
0.791,302.268285463703,-4365.77714187086
0.792,339.147586078089,-4361.81477632986
0.793,293.50270862372,-4370.52355559735
0.794,184.592165472263,-4416.34111051369
0.795,75.9224622936898,-4368.17182275446
0.796,197.754987518694,-4394.56922859697
0.797,28.8796923036754,-4393.94170949924
0.798,164.43998264267,-4356.15111357634
0.799,178.922316977069,-4389.61926583194
